Time,data1,data2,data3,data4,data5,data6
2023-12-03 18:45:05,1,2,3,4,0,1
2023-12-03 18:45:05,1,2,3,4,0,2
2023-12-03 18:45:05,1,2,3,4,0,3
2023-12-03 18:45:05,1,2,3,4,0,4
2023-12-03 18:45:05,1,2,3,4,0,5
2023-12-03 18:45:05,1,2,3,4,0,7
2023-12-03 18:45:05,1,2,3,4,0,8
2023-12-03 18:45:05,1,2,3,4,0,9
2023-12-03 18:45:05,1,2,3,4,0,16
2023-12-03 18:45:05,1,2,3,4,0,18
2023-12-03 18:45:05,1,2,3,4,0,19
2023-12-03 18:45:05,1,2,3,4,0,21
2023-12-03 18:45:05,1,2,3,4,0,22
2023-12-03 18:45:05,1,2,3,4,0,24
2023-12-03 18:45:05,1,2,3,4,0,32
2023-12-03 18:45:05,1,2,3,4,0,33
2023-12-03 18:45:05,1,2,3,4,0,35
2023-12-03 18:45:05,1,2,3,4,0,36
2023-12-03 18:45:05,1,2,3,4,0,38
2023-12-03 18:45:05,1,2,3,4,0,40
2023-12-03 18:45:05,1,2,3,4,0,41
2023-12-03 18:45:05,1,2,3,4,0,48
2023-12-03 18:45:05,1,2,3,4,0,49
2023-12-03 18:45:05,1,2,3,4,0,51
2023-12-03 18:45:05,1,2,3,4,0,52
2023-12-03 18:45:05,1,2,3,4,0,53
2023-12-03 18:45:05,1,2,3,4,0,55
2023-12-03 18:45:06,1,2,3,4,0,56
2023-12-03 18:45:06,1,2,3,4,0,57
2023-12-03 18:45:06,1,2,3,4,0,64
2023-12-03 18:45:06,1,2,3,4,0,66
2023-12-03 18:45:06,1,2,3,4,0,68
2023-12-03 18:45:06,1,2,3,4,0,70
2023-12-03 18:45:06,1,2,3,4,0,71
2023-12-03 18:45:06,1,2,3,4,0,72
2023-12-03 18:45:06,1,2,3,4,0,80
2023-12-03 18:45:06,1,2,3,4,0,81
2023-12-03 18:45:06,1,2,3,4,0,83
2023-12-03 18:45:06,1,2,3,4,0,85
2023-12-03 18:45:06,1,2,3,4,0,87
2023-12-03 18:45:06,1,2,3,4,0,88
2023-12-03 18:45:06,1,2,3,4,0,89
2023-12-03 18:45:06,1,2,3,4,0,97
2023-12-03 18:45:06,1,2,3,4,0,98
2023-12-03 18:45:06,1,2,3,4,0,100
2023-12-03 18:45:06,1,2,3,4,0,101
2023-12-03 18:45:06,1,2,3,4,0,102
2023-12-03 18:45:06,1,2,3,4,0,104
2023-12-03 18:45:06,1,2,3,4,0,105
2023-12-03 18:45:06,1,2,3,4,0,113
2023-12-03 18:45:06,1,2,3,4,0,114
2023-12-03 18:45:06,1,2,3,4,0,115
2023-12-03 18:45:06,1,2,3,4,0,117
2023-12-03 18:45:06,1,2,3,4,0,118
2023-12-03 18:45:06,1,2,3,4,0,120
2023-12-03 18:45:06,1,2,3,4,0,121
2023-12-03 18:45:06,1,2,3,4,0,128
2023-12-03 18:45:06,1,2,3,4,0,129
2023-12-03 18:45:06,1,2,3,4,0,131
2023-12-03 18:45:06,1,2,3,4,0,133
2023-12-03 18:45:06,1,2,3,4,0,135
2023-12-03 18:45:06,1,2,3,4,0,136
2023-12-03 18:45:06,1,2,3,4,0,144
2023-12-03 18:45:06,1,2,3,4,0,146
2023-12-03 18:45:06,1,2,3,4,0,147
2023-12-03 18:45:06,1,2,3,4,0,149
2023-12-03 18:45:06,1,2,3,4,0,150
2023-12-03 18:45:06,1,2,3,4,0,151
2023-12-03 18:45:06,1,2,3,4,0,153
2023-12-03 18:45:06,1,2,3,4,0,256
2023-12-03 18:45:07,1,2,3,4,0,258
2023-12-03 18:45:07,1,2,3,4,0,259
2023-12-03 18:45:07,1,2,3,4,0,261
2023-12-03 18:45:07,1,2,3,4,0,263
2023-12-03 18:45:07,1,2,3,4,0,265
2023-12-03 18:45:07,1,2,3,4,0,272
2023-12-03 18:45:07,1,2,3,4,0,274
2023-12-03 18:45:07,1,2,3,4,0,275
2023-12-03 18:45:07,1,2,3,4,0,277
2023-12-03 18:45:07,1,2,3,4,0,278
2023-12-03 18:45:07,1,2,3,4,0,279
2023-12-03 18:45:07,1,2,3,4,0,280
2023-12-03 18:45:07,1,2,3,4,0,281
2023-12-03 18:45:07,1,2,3,4,0,289
2023-12-03 18:45:07,1,2,3,4,0,290
2023-12-03 18:45:07,1,2,3,4,0,292
2023-12-03 18:45:07,1,2,3,4,0,293
2023-12-03 18:45:07,1,2,3,4,0,294
2023-12-03 18:45:07,1,2,3,4,0,295
2023-12-03 18:45:07,1,2,3,4,0,296
2023-12-03 18:45:07,1,2,3,4,0,297
2023-12-03 18:45:07,1,2,3,4,0,304
2023-12-03 18:45:07,1,2,3,4,0,305
2023-12-03 18:45:07,1,2,3,4,0,307
2023-12-03 18:45:07,1,2,3,4,0,308
2023-12-03 18:45:07,1,2,3,4,0,309
2023-12-03 18:45:07,1,2,3,4,0,310
2023-12-03 18:45:07,1,2,3,4,0,311
2023-12-03 18:45:07,1,2,3,4,0,312
2023-12-03 18:45:07,1,2,3,4,0,313
2023-12-03 18:45:05,1,2,3,4,0,1
2023-12-03 18:45:05,1,2,3,4,0,2
2023-12-03 18:45:05,1,2,3,4,0,3
2023-12-03 18:45:05,1,2,3,4,0,4
2023-12-03 18:45:05,1,2,3,4,0,5
2023-12-03 18:45:05,1,2,3,4,0,7
2023-12-03 18:45:05,1,2,3,4,0,8
2023-12-03 18:45:05,1,2,3,4,0,9
2023-12-03 18:45:05,1,2,3,4,0,16
2023-12-03 18:45:05,1,2,3,4,0,18
2023-12-03 18:45:05,1,2,3,4,0,19
2023-12-03 18:45:05,1,2,3,4,0,21
2023-12-03 18:45:05,1,2,3,4,0,22
2023-12-03 18:45:05,1,2,3,4,0,24
2023-12-03 18:45:05,1,2,3,4,0,32
2023-12-03 18:45:05,1,2,3,4,0,33
2023-12-03 18:45:05,1,2,3,4,0,35
2023-12-03 18:45:05,1,2,3,4,0,36
2023-12-03 18:45:05,1,2,3,4,0,38
2023-12-03 18:45:05,1,2,3,4,0,40
2023-12-03 18:45:05,1,2,3,4,0,41
2023-12-03 18:45:05,1,2,3,4,0,48
2023-12-03 18:45:05,1,2,3,4,0,49
2023-12-03 18:45:05,1,2,3,4,0,51
2023-12-03 18:45:05,1,2,3,4,0,52
2023-12-03 18:45:05,1,2,3,4,0,53
2023-12-03 18:45:05,1,2,3,4,0,55
2023-12-03 18:45:06,1,2,3,4,0,56
2023-12-03 18:45:06,1,2,3,4,0,57
2023-12-03 18:45:06,1,2,3,4,0,64
2023-12-03 18:45:06,1,2,3,4,0,66
2023-12-03 18:45:06,1,2,3,4,0,68
2023-12-03 18:45:06,1,2,3,4,0,70
2023-12-03 18:45:06,1,2,3,4,0,71
2023-12-03 18:45:06,1,2,3,4,0,72
2023-12-03 18:45:06,1,2,3,4,0,80
2023-12-03 18:45:06,1,2,3,4,0,81
2023-12-03 18:45:06,1,2,3,4,0,83
2023-12-03 18:45:06,1,2,3,4,0,85
2023-12-03 18:45:06,1,2,3,4,0,87
2023-12-03 18:45:06,1,2,3,4,0,88
2023-12-03 18:45:06,1,2,3,4,0,89
2023-12-03 18:45:06,1,2,3,4,0,97
2023-12-03 18:45:06,1,2,3,4,0,98
2023-12-03 18:45:06,1,2,3,4,0,100
2023-12-03 18:45:06,1,2,3,4,0,101
2023-12-03 18:45:06,1,2,3,4,0,102
2023-12-03 18:45:06,1,2,3,4,0,104
2023-12-03 18:45:06,1,2,3,4,0,105
2023-12-03 18:45:06,1,2,3,4,0,113
2023-12-03 18:45:06,1,2,3,4,0,114
2023-12-03 18:45:06,1,2,3,4,0,115
2023-12-03 18:45:06,1,2,3,4,0,117
2023-12-03 18:45:06,1,2,3,4,0,118
2023-12-03 18:45:06,1,2,3,4,0,120
2023-12-03 18:45:06,1,2,3,4,0,121
2023-12-03 18:45:06,1,2,3,4,0,128
2023-12-03 18:45:06,1,2,3,4,0,129
2023-12-03 18:45:06,1,2,3,4,0,131
2023-12-03 18:45:06,1,2,3,4,0,133
2023-12-03 18:45:06,1,2,3,4,0,135
2023-12-03 18:45:06,1,2,3,4,0,136
2023-12-03 18:45:06,1,2,3,4,0,144
2023-12-03 18:45:06,1,2,3,4,0,146
2023-12-03 18:45:06,1,2,3,4,0,147
2023-12-03 18:45:06,1,2,3,4,0,149
2023-12-03 18:45:06,1,2,3,4,0,150
2023-12-03 18:45:06,1,2,3,4,0,151
2023-12-03 18:45:06,1,2,3,4,0,153
2023-12-03 18:45:06,1,2,3,4,0,256
2023-12-03 18:45:07,1,2,3,4,0,258
2023-12-03 18:45:07,1,2,3,4,0,259
2023-12-03 18:45:07,1,2,3,4,0,261
2023-12-03 18:45:07,1,2,3,4,0,263
2023-12-03 18:45:07,1,2,3,4,0,265
2023-12-03 18:45:07,1,2,3,4,0,272
2023-12-03 18:45:07,1,2,3,4,0,274
2023-12-03 18:45:07,1,2,3,4,0,275
2023-12-03 18:45:07,1,2,3,4,0,277
2023-12-03 18:45:07,1,2,3,4,0,278
2023-12-03 18:45:07,1,2,3,4,0,279
2023-12-03 18:45:07,1,2,3,4,0,280
2023-12-03 18:45:07,1,2,3,4,0,281
2023-12-03 18:45:07,1,2,3,4,0,289
2023-12-03 18:45:07,1,2,3,4,0,290
2023-12-03 18:45:07,1,2,3,4,0,292
2023-12-03 18:45:07,1,2,3,4,0,293
2023-12-03 18:45:07,1,2,3,4,0,294
2023-12-03 18:45:07,1,2,3,4,0,295
2023-12-03 18:45:07,1,2,3,4,0,296
2023-12-03 18:45:07,1,2,3,4,0,297
2023-12-03 18:45:07,1,2,3,4,0,304
2023-12-03 18:45:07,1,2,3,4,0,305
2023-12-03 18:45:07,1,2,3,4,0,307
2023-12-03 18:45:07,1,2,3,4,0,308
2023-12-03 18:45:07,1,2,3,4,0,309
2023-12-03 18:45:07,1,2,3,4,0,310
2023-12-03 18:45:07,1,2,3,4,0,311
2023-12-03 18:45:07,1,2,3,4,0,312
2023-12-03 18:45:07,1,2,3,4,0,313
2023-12-03 18:45:07,1,2,3,4,0,320
2023-12-03 18:45:07,1,2,3,4,0,321
2023-12-03 18:45:07,1,2,3,4,0,325
2023-12-03 18:45:07,1,2,3,4,0,327
2023-12-03 18:45:07,1,2,3,4,0,328
2023-12-03 18:45:07,1,2,3,4,0,329
2023-12-03 18:45:07,1,2,3,4,0,337
2023-12-03 18:45:07,1,2,3,4,0,338
2023-12-03 18:45:07,1,2,3,4,0,339
2023-12-03 18:45:07,1,2,3,4,0,340
2023-12-03 18:45:07,1,2,3,4,0,342
2023-12-03 18:45:07,1,2,3,4,0,343
2023-12-03 18:45:07,1,2,3,4,0,344
2023-12-03 18:45:07,1,2,3,4,0,345
2023-12-03 18:45:07,1,2,3,4,0,352
2023-12-03 18:45:07,1,2,3,4,0,353
2023-12-03 18:45:07,1,2,3,4,0,355
2023-12-03 18:45:07,1,2,3,4,0,356
2023-12-03 18:45:08,1,2,3,4,0,357
2023-12-03 18:45:08,1,2,3,4,0,359
2023-12-03 18:45:08,1,2,3,4,0,360
2023-12-03 18:45:08,1,2,3,4,0,368
2023-12-03 18:45:08,1,2,3,4,0,369
2023-12-03 18:45:08,1,2,3,4,0,371
2023-12-03 18:45:08,1,2,3,4,0,372
2023-12-03 18:45:08,1,2,3,4,0,374
2023-12-03 18:45:08,1,2,3,4,0,376
2023-12-03 18:45:08,1,2,3,4,0,384
2023-12-03 18:45:08,1,2,3,4,0,385
2023-12-03 18:45:08,1,2,3,4,0,386
2023-12-03 18:45:08,1,2,3,4,0,387
2023-12-03 18:45:08,1,2,3,4,0,389
2023-12-03 18:45:08,1,2,3,4,0,390
2023-12-03 18:45:08,1,2,3,4,0,392
2023-12-03 18:45:08,1,2,3,4,0,400
2023-12-03 18:45:08,1,2,3,4,0,401
2023-12-03 18:45:08,1,2,3,4,0,402
2023-12-03 18:45:08,1,2,3,4,0,403
2023-12-03 18:45:08,1,2,3,4,0,404
2023-12-03 18:45:08,1,2,3,4,0,405
2023-12-03 18:45:08,1,2,3,4,0,406
2023-12-03 18:45:08,1,2,3,4,0,407
2023-12-03 18:45:08,1,2,3,4,0,408
2023-12-03 18:45:08,1,2,3,4,0,409
2023-12-03 18:45:08,1,2,3,4,0,512
2023-12-03 18:45:08,1,2,3,4,0,513
2023-12-03 18:45:08,1,2,3,4,0,514
2023-12-03 18:45:08,1,2,3,4,0,515
2023-12-03 18:45:08,1,2,3,4,0,516
2023-12-03 18:45:08,1,2,3,4,0,518
2023-12-03 18:45:08,1,2,3,4,0,519
2023-12-03 18:45:08,1,2,3,4,0,520
2023-12-03 18:45:08,1,2,3,4,0,521
2023-12-03 18:45:08,1,2,3,4,0,529
2023-12-03 18:45:08,1,2,3,4,0,531
2023-12-03 18:45:08,1,2,3,4,0,532
2023-12-03 18:45:08,1,2,3,4,0,534
2023-12-03 18:45:08,1,2,3,4,0,536
2023-12-03 18:45:08,1,2,3,4,0,537
2023-12-03 18:45:08,1,2,3,4,0,545
2023-12-03 18:45:08,1,2,3,4,0,546
2023-12-03 18:45:08,1,2,3,4,0,547
2023-12-03 18:45:08,1,2,3,4,0,549
2023-12-03 18:45:08,1,2,3,4,0,550
2023-12-03 18:45:08,1,2,3,4,0,551
2023-12-03 18:45:09,1,2,3,4,0,553
2023-12-03 18:45:09,1,2,3,4,0,560
2023-12-03 18:45:09,1,2,3,4,0,562
2023-12-03 18:45:09,1,2,3,4,0,563
2023-12-03 18:45:09,1,2,3,4,0,565
2023-12-03 18:45:09,1,2,3,4,0,567
2023-12-03 18:45:09,1,2,3,4,0,569
2023-12-03 18:45:09,1,2,3,4,0,576
2023-12-03 18:45:09,1,2,3,4,0,578
2023-12-03 18:45:09,1,2,3,4,0,580
2023-12-03 18:45:09,1,2,3,4,0,582
2023-12-03 18:45:09,1,2,3,4,0,583
2023-12-03 18:45:09,1,2,3,4,0,585
2023-12-03 18:45:09,1,2,3,4,0,592
2023-12-03 18:45:09,1,2,3,4,0,594
2023-12-03 18:45:09,1,2,3,4,0,595
2023-12-03 18:45:09,1,2,3,4,0,596
2023-12-03 18:45:09,1,2,3,4,0,597
2023-12-03 18:45:09,1,2,3,4,0,599
2023-12-03 18:45:09,1,2,3,4,0,600
2023-12-03 18:45:09,1,2,3,4,0,601
2023-12-03 18:45:09,1,2,3,4,0,608
2023-12-03 18:45:09,1,2,3,4,0,609
2023-12-03 18:45:09,1,2,3,4,0,610
2023-12-03 18:45:09,1,2,3,4,0,612
2023-12-03 18:45:09,1,2,3,4,0,613
2023-12-03 18:45:09,1,2,3,4,0,615
2023-12-03 18:45:09,1,2,3,4,0,616
2023-12-03 18:45:09,1,2,3,4,0,624
2023-12-03 18:45:09,1,2,3,4,0,628
2023-12-03 18:45:09,1,2,3,4,0,629
2023-12-03 18:45:09,1,2,3,4,0,631
2023-12-03 18:45:09,1,2,3,4,0,633
2023-12-03 18:45:09,1,2,3,4,0,640
2023-12-03 18:45:09,1,2,3,4,0,642
2023-12-03 18:45:09,1,2,3,4,0,643
2023-12-03 18:45:09,1,2,3,4,0,644
2023-12-03 18:45:09,1,2,3,4,0,646
2023-12-03 18:45:09,1,2,3,4,0,648
2023-12-03 18:45:09,1,2,3,4,0,649
2023-12-03 18:45:09,1,2,3,4,0,657
2023-12-03 18:45:10,1,2,3,4,0,659
2023-12-03 18:45:10,1,2,3,4,0,661
2023-12-03 18:45:10,1,2,3,4,0,663
2023-12-03 18:45:10,1,2,3,4,0,664
2023-12-03 18:45:10,1,2,3,4,0,665
2023-12-03 18:45:10,1,2,3,4,0,770
2023-12-03 18:45:10,1,2,3,4,0,771
2023-12-03 18:45:10,1,2,3,4,0,772
2023-12-03 18:45:10,1,2,3,4,0,773
2023-12-03 18:45:10,1,2,3,4,0,774
2023-12-03 18:45:10,1,2,3,4,0,775
2023-12-03 18:45:10,1,2,3,4,0,776
2023-12-03 18:45:10,1,2,3,4,0,777
2023-12-03 18:45:10,1,2,3,4,0,784
2023-12-03 18:45:10,1,2,3,4,0,785
2023-12-03 18:45:10,1,2,3,4,0,786
2023-12-03 18:45:10,1,2,3,4,0,787
2023-12-03 18:45:10,1,2,3,4,0,788
2023-12-03 18:45:10,1,2,3,4,0,789
2023-12-03 18:45:10,1,2,3,4,0,790
2023-12-03 18:45:10,1,2,3,4,0,791
2023-12-03 18:45:10,1,2,3,4,0,792
2023-12-03 18:45:10,1,2,3,4,0,793
2023-12-03 18:45:10,1,2,3,4,0,800
2023-12-03 18:45:10,1,2,3,4,0,801
2023-12-03 18:45:10,1,2,3,4,0,802
2023-12-03 18:45:10,1,2,3,4,0,804
2023-12-03 18:45:10,1,2,3,4,0,805
2023-12-03 18:45:10,1,2,3,4,0,806
2023-12-03 18:45:10,1,2,3,4,0,807
2023-12-03 18:45:10,1,2,3,4,0,808
2023-12-03 18:45:10,1,2,3,4,0,809
2023-12-03 18:45:10,1,2,3,4,0,816
2023-12-03 18:45:10,1,2,3,4,0,817
2023-12-03 18:45:10,1,2,3,4,0,819
2023-12-03 18:45:10,1,2,3,4,0,820
2023-12-03 18:45:10,1,2,3,4,0,821
2023-12-03 18:45:10,1,2,3,4,0,824
2023-12-03 18:45:10,1,2,3,4,0,832
2023-12-03 18:45:10,1,2,3,4,0,834
2023-12-03 18:45:10,1,2,3,4,0,835
2023-12-03 18:45:10,1,2,3,4,0,836
2023-12-03 18:45:10,1,2,3,4,0,839
2023-12-03 18:45:10,1,2,3,4,0,841
2023-12-03 18:45:10,1,2,3,4,0,849
2023-12-03 18:45:10,1,2,3,4,0,850
2023-12-03 18:45:10,1,2,3,4,0,852
2023-12-03 18:45:10,1,2,3,4,0,853
2023-12-03 18:45:10,1,2,3,4,0,854
2023-12-03 18:45:11,1,2,3,4,0,856
2023-12-03 18:45:11,1,2,3,4,0,864
2023-12-03 18:45:11,1,2,3,4,0,865
2023-12-03 18:45:11,1,2,3,4,0,868
2023-12-03 18:45:11,1,2,3,4,0,869
2023-12-03 18:45:11,1,2,3,4,0,870
2023-12-03 18:45:11,1,2,3,4,0,871
2023-12-03 18:45:11,1,2,3,4,0,872
2023-12-03 18:45:11,1,2,3,4,0,881
2023-12-03 18:45:11,1,2,3,4,0,882
2023-12-03 18:45:11,1,2,3,4,0,884
2023-12-03 18:45:11,1,2,3,4,0,887
2023-12-03 18:45:11,1,2,3,4,0,889
2023-12-03 18:45:11,1,2,3,4,0,897
2023-12-03 18:45:11,1,2,3,4,0,900
2023-12-03 18:45:11,1,2,3,4,0,901
2023-12-03 18:45:11,1,2,3,4,0,902
2023-12-03 18:45:11,1,2,3,4,0,904
2023-12-03 18:45:11,1,2,3,4,0,913
2023-12-03 18:45:11,1,2,3,4,0,914
2023-12-03 18:45:11,1,2,3,4,0,915
2023-12-03 18:45:11,1,2,3,4,0,917
2023-12-03 18:45:11,1,2,3,4,0,919
2023-12-03 18:45:11,1,2,3,4,0,920
2023-12-03 18:45:11,1,2,3,4,0,1024
2023-12-03 18:45:11,1,2,3,4,0,1025
2023-12-03 18:45:11,1,2,3,4,0,1027
2023-12-03 18:45:11,1,2,3,4,0,1030
2023-12-03 18:45:11,1,2,3,4,0,1040
2023-12-03 18:45:11,1,2,3,4,0,1041
2023-12-03 18:45:11,1,2,3,4,0,1043
2023-12-03 18:45:11,1,2,3,4,0,1045
2023-12-03 18:45:11,1,2,3,4,0,1047
2023-12-03 18:45:11,1,2,3,4,0,1048
2023-12-03 18:45:11,1,2,3,4,0,1056
2023-12-03 18:45:12,1,2,3,4,0,1057
2023-12-03 18:45:12,1,2,3,4,0,1059
2023-12-03 18:45:12,1,2,3,4,0,1061
2023-12-03 18:45:12,1,2,3,4,0,1062
2023-12-03 18:45:12,1,2,3,4,0,1064
2023-12-03 18:45:12,1,2,3,4,0,1065
2023-12-03 18:45:12,1,2,3,4,0,1073
2023-12-03 18:45:12,1,2,3,4,0,1074
2023-12-03 18:45:12,1,2,3,4,0,1076
2023-12-03 18:45:12,1,2,3,4,0,1078
2023-12-03 18:45:12,1,2,3,4,0,1079
2023-12-03 18:45:12,1,2,3,4,0,1081
2023-12-03 18:45:12,1,2,3,4,0,1088
2023-12-03 18:45:12,1,2,3,4,0,1089
2023-12-03 18:45:12,1,2,3,4,0,1090
2023-12-03 18:45:12,1,2,3,4,0,1091
2023-12-03 18:45:12,1,2,3,4,0,1092
2023-12-03 18:45:12,1,2,3,4,0,1093
2023-12-03 18:45:12,1,2,3,4,0,1094
2023-12-03 18:45:12,1,2,3,4,0,1095
2023-12-03 18:45:12,1,2,3,4,0,1096
2023-12-03 18:45:12,1,2,3,4,0,1104
2023-12-03 18:45:12,1,2,3,4,0,1106
2023-12-03 18:45:12,1,2,3,4,0,1107
2023-12-03 18:45:12,1,2,3,4,0,1108
2023-12-03 18:45:12,1,2,3,4,0,1109
2023-12-03 18:45:12,1,2,3,4,0,1112
2023-12-03 18:45:12,1,2,3,4,0,1113
2023-12-03 18:45:12,1,2,3,4,0,1121
2023-12-03 18:45:12,1,2,3,4,0,1123
2023-12-03 18:45:12,1,2,3,4,0,1125
2023-12-03 18:45:12,1,2,3,4,0,1127
2023-12-03 18:45:12,1,2,3,4,0,1128
2023-12-03 18:45:12,1,2,3,4,0,1136
2023-12-03 18:45:12,1,2,3,4,0,1137
2023-12-03 18:45:12,1,2,3,4,0,1140
2023-12-03 18:45:12,1,2,3,4,0,1144
2023-12-03 18:45:12,1,2,3,4,0,1152
2023-12-03 18:45:12,1,2,3,4,0,1153
2023-12-03 18:45:13,1,2,3,4,0,1156
2023-12-03 18:45:13,1,2,3,4,0,1158
2023-12-03 18:45:13,1,2,3,4,0,1168
2023-12-03 18:45:13,1,2,3,4,0,1171
2023-12-03 18:45:13,1,2,3,4,0,1173
2023-12-03 18:45:13,1,2,3,4,0,1176
2023-12-03 18:45:13,1,2,3,4,0,1280
2023-12-03 18:45:13,1,2,3,4,0,1283
2023-12-03 18:45:13,1,2,3,4,0,1286
2023-12-03 18:45:13,1,2,3,4,0,1288
2023-12-03 18:45:13,1,2,3,4,0,1297
2023-12-03 18:45:13,1,2,3,4,0,1300
2023-12-03 18:45:13,1,2,3,4,0,1302
2023-12-03 18:45:13,1,2,3,4,0,1305
2023-12-03 18:45:13,1,2,3,4,0,1314
2023-12-03 18:45:13,1,2,3,4,0,1316
2023-12-03 18:45:13,1,2,3,4,0,1319
2023-12-03 18:45:13,1,2,3,4,0,1328
2023-12-03 18:45:13,1,2,3,4,0,1332
2023-12-03 18:45:13,1,2,3,4,0,1335
2023-12-03 18:45:13,1,2,3,4,0,1337
2023-12-03 18:45:13,1,2,3,4,0,1345
2023-12-03 18:45:13,1,2,3,4,0,1347
2023-12-03 18:45:14,1,2,3,4,0,1350
2023-12-03 18:45:14,1,2,3,4,0,1353
2023-12-03 18:45:14,1,2,3,4,0,1362
2023-12-03 18:45:14,1,2,3,4,0,1363
2023-12-03 18:45:14,1,2,3,4,0,1365
2023-12-03 18:45:14,1,2,3,4,0,1368
2023-12-03 18:45:14,1,2,3,4,0,1376
2023-12-03 18:45:14,1,2,3,4,0,1377
2023-12-03 18:45:14,1,2,3,4,0,1379
2023-12-03 18:45:14,1,2,3,4,0,1381
2023-12-03 18:45:14,1,2,3,4,0,1382
2023-12-03 18:45:14,1,2,3,4,0,1384
2023-12-03 18:45:14,1,2,3,4,0,1392
2023-12-03 18:45:14,1,2,3,4,0,1394
2023-12-03 18:45:14,1,2,3,4,0,1395
2023-12-03 18:45:14,1,2,3,4,0,1397
2023-12-03 18:45:14,1,2,3,4,0,1399
2023-12-03 18:45:14,1,2,3,4,0,1400
2023-12-03 18:45:14,1,2,3,4,0,1408
2023-12-03 18:45:14,1,2,3,4,0,1410
2023-12-03 18:45:14,1,2,3,4,0,1412
2023-12-03 18:45:14,1,2,3,4,0,1414
2023-12-03 18:45:14,1,2,3,4,0,1417
2023-12-03 18:45:14,1,2,3,4,0,1424
2023-12-03 18:45:14,1,2,3,4,0,1426
2023-12-03 18:45:14,1,2,3,4,0,1428
2023-12-03 18:45:14,1,2,3,4,0,1430
2023-12-03 18:45:14,1,2,3,4,0,1431
2023-12-03 18:45:14,1,2,3,4,0,1433
2023-12-03 18:45:14,1,2,3,4,0,1537
2023-12-03 18:45:14,1,2,3,4,0,1538
2023-12-03 18:45:14,1,2,3,4,0,1540
2023-12-03 18:45:14,1,2,3,4,0,1542
2023-12-03 18:45:14,1,2,3,4,0,1543
2023-12-03 18:45:14,1,2,3,4,0,1545
2023-12-03 18:45:15,1,2,3,4,0,1553
2023-12-03 18:45:15,1,2,3,4,0,1555
2023-12-03 18:45:15,1,2,3,4,0,1557
2023-12-03 18:45:15,1,2,3,4,0,1559
2023-12-03 18:45:15,1,2,3,4,0,1561
2023-12-03 18:45:15,1,2,3,4,0,1569
2023-12-03 18:45:15,1,2,3,4,0,1570
2023-12-03 18:45:15,1,2,3,4,0,1573
2023-12-03 18:45:15,1,2,3,4,0,1575
2023-12-03 18:45:15,1,2,3,4,0,1576
2023-12-03 18:45:15,1,2,3,4,0,1584
2023-12-03 18:45:15,1,2,3,4,0,1585
2023-12-03 18:45:15,1,2,3,4,0,1588
2023-12-03 18:45:15,1,2,3,4,0,1591
2023-12-03 18:45:15,1,2,3,4,0,1600
2023-12-03 18:45:15,1,2,3,4,0,1604
2023-12-03 18:45:15,1,2,3,4,0,1608
2023-12-03 18:45:15,1,2,3,4,0,1616
2023-12-03 18:45:15,1,2,3,4,0,1617
2023-12-03 18:45:15,1,2,3,4,0,1619
2023-12-03 18:45:15,1,2,3,4,0,1622
2023-12-03 18:45:15,1,2,3,4,0,1623
2023-12-03 18:45:16,1,2,3,4,0,1625
2023-12-03 18:45:16,1,2,3,4,0,1634
2023-12-03 18:45:16,1,2,3,4,0,1636
2023-12-03 18:45:16,1,2,3,4,0,1638
2023-12-03 18:45:16,1,2,3,4,0,1640
2023-12-03 18:45:16,1,2,3,4,0,1641
2023-12-03 18:45:16,1,2,3,4,0,1649
2023-12-03 18:45:16,1,2,3,4,0,1653
2023-12-03 18:45:16,1,2,3,4,0,1654
2023-12-03 18:45:16,1,2,3,4,0,1655
2023-12-03 18:45:16,1,2,3,4,0,1664
2023-12-03 18:45:16,1,2,3,4,0,1666
2023-12-03 18:45:16,1,2,3,4,0,1668
2023-12-03 18:45:16,1,2,3,4,0,1670
2023-12-03 18:45:16,1,2,3,4,0,1672
2023-12-03 18:45:16,1,2,3,4,0,1680
2023-12-03 18:45:16,1,2,3,4,0,1682
2023-12-03 18:45:16,1,2,3,4,0,1684
2023-12-03 18:45:16,1,2,3,4,0,1686
2023-12-03 18:45:16,1,2,3,4,0,1688
2023-12-03 18:45:16,1,2,3,4,0,1792
2023-12-03 18:45:16,1,2,3,4,0,1794
2023-12-03 18:45:16,1,2,3,4,0,1796
2023-12-03 18:45:16,1,2,3,4,0,1797
2023-12-03 18:45:16,1,2,3,4,0,1799
2023-12-03 18:45:16,1,2,3,4,0,1801
2023-12-03 18:45:16,1,2,3,4,0,1809
2023-12-03 18:45:16,1,2,3,4,0,1811
2023-12-03 18:45:16,1,2,3,4,0,1813
2023-12-03 18:45:16,1,2,3,4,0,1815
2023-12-03 18:45:16,1,2,3,4,0,1817
2023-12-03 18:45:16,1,2,3,4,0,1824
2023-12-03 18:45:17,1,2,3,4,0,1827
2023-12-03 18:45:17,1,2,3,4,0,1828
2023-12-03 18:45:17,1,2,3,4,0,1831
2023-12-03 18:45:17,1,2,3,4,0,1832
2023-12-03 18:45:17,1,2,3,4,0,1840
2023-12-03 18:45:17,1,2,3,4,0,1842
2023-12-03 18:45:17,1,2,3,4,0,1844
2023-12-03 18:45:17,1,2,3,4,0,1845
2023-12-03 18:45:17,1,2,3,4,0,1848
2023-12-03 18:45:17,1,2,3,4,0,1856
2023-12-03 18:45:17,1,2,3,4,0,1858
2023-12-03 18:45:17,1,2,3,4,0,1861
2023-12-03 18:45:17,1,2,3,4,0,1863
2023-12-03 18:45:17,1,2,3,4,0,1872
2023-12-03 18:45:17,1,2,3,4,0,1874
2023-12-03 18:45:17,1,2,3,4,0,1876
2023-12-03 18:45:17,1,2,3,4,0,1877
2023-12-03 18:45:17,1,2,3,4,0,1879
2023-12-03 18:45:17,1,2,3,4,0,1881
2023-12-03 18:45:17,1,2,3,4,0,1889
2023-12-03 18:45:17,1,2,3,4,0,1891
2023-12-03 18:45:17,1,2,3,4,0,1893
2023-12-03 18:45:17,1,2,3,4,0,1895
2023-12-03 18:45:17,1,2,3,4,0,1904
2023-12-03 18:45:17,1,2,3,4,0,1906
2023-12-03 18:45:17,1,2,3,4,0,1908
2023-12-03 18:45:17,1,2,3,4,0,1910
2023-12-03 18:45:17,1,2,3,4,0,1912
2023-12-03 18:45:17,1,2,3,4,0,1920
2023-12-03 18:45:17,1,2,3,4,0,1922
2023-12-03 18:45:17,1,2,3,4,0,1924
2023-12-03 18:45:17,1,2,3,4,0,1926
2023-12-03 18:45:18,1,2,3,4,0,1928
2023-12-03 18:45:18,1,2,3,4,0,1936
2023-12-03 18:45:18,1,2,3,4,0,1937
2023-12-03 18:45:18,1,2,3,4,0,1940
2023-12-03 18:45:18,1,2,3,4,0,1942
2023-12-03 18:45:18,1,2,3,4,0,1945
2023-12-03 18:45:18,1,2,3,4,0,2048
2023-12-03 18:45:18,1,2,3,4,0,2051
2023-12-03 18:45:18,1,2,3,4,0,2053
2023-12-03 18:45:18,1,2,3,4,0,2055
2023-12-03 18:45:18,1,2,3,4,0,2057
2023-12-03 18:45:18,1,2,3,4,0,2065
2023-12-03 18:45:18,1,2,3,4,0,2068
2023-12-03 18:45:18,1,2,3,4,0,2071
2023-12-03 18:45:18,1,2,3,4,0,2073
2023-12-03 18:45:18,1,2,3,4,0,2080
2023-12-03 18:45:18,1,2,3,4,0,2083
2023-12-03 18:45:18,1,2,3,4,0,2085
2023-12-03 18:45:18,1,2,3,4,0,2087
2023-12-03 18:45:18,1,2,3,4,0,2089
2023-12-03 18:45:18,1,2,3,4,0,2097
2023-12-03 18:45:18,1,2,3,4,0,2100
2023-12-03 18:45:18,1,2,3,4,0,2101
2023-12-03 18:45:18,1,2,3,4,0,2104
2023-12-03 18:45:18,1,2,3,4,0,2112
2023-12-03 18:45:18,1,2,3,4,0,2113
2023-12-03 18:45:18,1,2,3,4,0,2116
2023-12-03 18:45:18,1,2,3,4,0,2118
2023-12-03 18:45:18,1,2,3,4,0,2120
2023-12-03 18:45:18,1,2,3,4,0,2128
2023-12-03 18:45:19,1,2,3,4,0,2130
2023-12-03 18:45:19,1,2,3,4,0,2132
2023-12-03 18:45:19,1,2,3,4,0,2134
2023-12-03 18:45:19,1,2,3,4,0,2136
2023-12-03 18:45:19,1,2,3,4,0,2144
2023-12-03 18:45:19,1,2,3,4,0,2147
2023-12-03 18:45:19,1,2,3,4,0,2149
2023-12-03 18:45:19,1,2,3,4,0,2151
2023-12-03 18:45:19,1,2,3,4,0,2153
2023-12-03 18:45:19,1,2,3,4,0,2161
2023-12-03 18:45:19,1,2,3,4,0,2163
2023-12-03 18:45:19,1,2,3,4,0,2166
2023-12-03 18:45:19,1,2,3,4,0,2168
2023-12-03 18:45:19,1,2,3,4,0,2176
2023-12-03 18:45:19,1,2,3,4,0,2178
2023-12-03 18:45:19,1,2,3,4,0,2180
2023-12-03 18:45:19,1,2,3,4,0,2182
2023-12-03 18:45:19,1,2,3,4,0,2185
2023-12-03 18:45:19,1,2,3,4,0,2192
2023-12-03 18:45:19,1,2,3,4,0,2194
2023-12-03 18:45:19,1,2,3,4,0,2197
2023-12-03 18:45:19,1,2,3,4,0,2199
2023-12-03 18:45:19,1,2,3,4,0,2304
2023-12-03 18:45:19,1,2,3,4,0,2306
2023-12-03 18:45:19,1,2,3,4,0,2309
2023-12-03 18:45:19,1,2,3,4,0,2312
2023-12-03 18:45:19,1,2,3,4,0,2320
2023-12-03 18:45:19,1,2,3,4,0,2322
2023-12-03 18:45:20,1,2,3,4,0,2325
2023-12-03 18:45:20,1,2,3,4,0,2327
2023-12-03 18:45:20,1,2,3,4,0,2336
2023-12-03 18:45:20,1,2,3,4,0,2337
2023-12-03 18:45:20,1,2,3,4,0,2339
2023-12-03 18:45:20,1,2,3,4,0,2340
2023-12-03 18:45:20,1,2,3,4,0,2341
2023-12-03 18:45:20,1,2,3,4,0,2342
2023-12-03 18:45:20,1,2,3,4,0,2343
2023-12-03 18:45:20,1,2,3,4,0,2344
2023-12-03 18:45:20,1,2,3,4,0,2345
2023-12-03 18:45:20,1,2,3,4,0,2352
2023-12-03 18:45:20,1,2,3,4,0,2353
2023-12-03 18:45:20,1,2,3,4,0,2354
2023-12-03 18:45:20,1,2,3,4,0,2355
2023-12-03 18:45:20,1,2,3,4,0,2356
2023-12-03 18:45:20,1,2,3,4,0,2358
2023-12-03 18:45:20,1,2,3,4,0,2359
2023-12-03 18:45:20,1,2,3,4,0,2360
2023-12-03 18:45:20,1,2,3,4,0,2368
2023-12-03 18:45:20,1,2,3,4,0,2369
2023-12-03 18:45:20,1,2,3,4,0,2370
2023-12-03 18:45:20,1,2,3,4,0,2372
2023-12-03 18:45:20,1,2,3,4,0,2373
2023-12-03 18:45:20,1,2,3,4,0,2375
2023-12-03 18:45:20,1,2,3,4,0,2376
2023-12-03 18:45:20,1,2,3,4,0,2377
2023-12-03 18:45:20,1,2,3,4,0,2385
2023-12-03 18:45:20,1,2,3,4,0,2386
2023-12-03 18:45:20,1,2,3,4,0,2387
2023-12-03 18:45:20,1,2,3,4,0,2389
2023-12-03 18:45:20,1,2,3,4,0,2390
2023-12-03 18:45:20,1,2,3,4,0,2392
2023-12-03 18:45:20,1,2,3,4,0,2400
2023-12-03 18:45:20,1,2,3,4,0,2402
2023-12-03 18:45:20,1,2,3,4,0,2403
2023-12-03 18:45:20,1,2,3,4,0,2405
2023-12-03 18:45:20,1,2,3,4,0,2406
2023-12-03 18:45:20,1,2,3,4,0,2408
2023-12-03 18:45:20,1,2,3,4,0,2416
2023-12-03 18:45:20,1,2,3,4,0,2417
2023-12-03 18:45:20,1,2,3,4,0,2419
2023-12-03 18:45:21,1,2,3,4,0,2421
2023-12-03 18:45:21,1,2,3,4,0,2422
2023-12-03 18:45:21,1,2,3,4,0,2423
2023-12-03 18:45:21,1,2,3,4,0,2424
2023-12-03 18:45:21,1,2,3,4,0,2432
2023-12-03 18:45:21,1,2,3,4,0,2433
2023-12-03 18:45:21,1,2,3,4,0,2434
2023-12-03 18:45:21,1,2,3,4,0,2435
2023-12-03 18:45:21,1,2,3,4,0,2436
2023-12-03 18:45:21,1,2,3,4,0,2437
2023-12-03 18:45:21,1,2,3,4,0,2438
2023-12-03 18:45:21,1,2,3,4,0,2440
2023-12-03 18:45:21,1,2,3,4,0,2441
2023-12-03 18:45:21,1,2,3,4,0,2448
2023-12-03 18:45:21,1,2,3,4,0,2449
2023-12-03 18:45:21,1,2,3,4,0,2450
2023-12-03 18:45:21,1,2,3,4,0,2451
2023-12-03 18:45:21,1,2,3,4,0,2453
2023-12-03 18:45:21,1,2,3,4,0,2454
2023-12-03 18:45:21,1,2,3,4,0,2455
2023-12-03 18:45:21,1,2,3,4,0,2456
2023-12-03 18:45:21,1,2,3,4,0,4096
2023-12-03 18:45:21,1,2,3,4,0,4097
2023-12-03 18:45:21,1,2,3,4,0,4099
2023-12-03 18:45:21,1,2,3,4,0,4100
2023-12-03 18:45:21,1,2,3,4,0,4115
2023-12-03 18:45:21,1,2,3,4,0,4117
2023-12-03 18:45:21,1,2,3,4,0,4118
2023-12-03 18:45:21,1,2,3,4,0,4119
2023-12-03 18:45:21,1,2,3,4,0,4121
2023-12-03 18:45:21,1,2,3,4,0,4130
2023-12-03 18:45:21,1,2,3,4,0,4131
2023-12-03 18:45:21,1,2,3,4,0,4133
2023-12-03 18:45:21,1,2,3,4,0,4134
2023-12-03 18:45:21,1,2,3,4,0,4135
2023-12-03 18:45:21,1,2,3,4,0,4136
2023-12-03 18:45:21,1,2,3,4,0,4137
2023-12-03 18:45:21,1,2,3,4,0,4145
2023-12-03 18:45:21,1,2,3,4,0,4146
2023-12-03 18:45:21,1,2,3,4,0,4147
2023-12-03 18:45:21,1,2,3,4,0,4149
2023-12-03 18:45:21,1,2,3,4,0,4151
2023-12-03 18:45:22,1,2,3,4,0,4152
2023-12-03 18:45:22,1,2,3,4,0,4160
2023-12-03 18:45:22,1,2,3,4,0,4162
2023-12-03 18:45:22,1,2,3,4,0,4163
2023-12-03 18:45:22,1,2,3,4,0,4165
2023-12-03 18:45:22,1,2,3,4,0,4166
2023-12-03 18:45:22,1,2,3,4,0,4168
2023-12-03 18:45:22,1,2,3,4,0,4176
2023-12-03 18:45:22,1,2,3,4,0,4177
2023-12-03 18:45:22,1,2,3,4,0,4178
2023-12-03 18:45:22,1,2,3,4,0,4179
2023-12-03 18:45:22,1,2,3,4,0,4180
2023-12-03 18:45:22,1,2,3,4,0,4181
2023-12-03 18:45:22,1,2,3,4,0,4182
2023-12-03 18:45:22,1,2,3,4,0,4183
2023-12-03 18:45:22,1,2,3,4,0,4184
2023-12-03 18:45:22,1,2,3,4,0,4192
2023-12-03 18:45:22,1,2,3,4,0,4194
2023-12-03 18:45:22,1,2,3,4,0,4195
2023-12-03 18:45:22,1,2,3,4,0,4196
2023-12-03 18:45:22,1,2,3,4,0,4197
2023-12-03 18:45:22,1,2,3,4,0,4198
2023-12-03 18:45:22,1,2,3,4,0,4199
2023-12-03 18:45:22,1,2,3,4,0,4200
2023-12-03 18:45:22,1,2,3,4,0,4201
2023-12-03 18:45:22,1,2,3,4,0,4208
2023-12-03 18:45:22,1,2,3,4,0,4209
2023-12-03 18:45:22,1,2,3,4,0,4210
2023-12-03 18:45:22,1,2,3,4,0,4212
2023-12-03 18:45:22,1,2,3,4,0,4213
2023-12-03 18:45:22,1,2,3,4,0,4214
2023-12-03 18:45:22,1,2,3,4,0,4215
2023-12-03 18:45:22,1,2,3,4,0,4216
2023-12-03 18:45:22,1,2,3,4,0,4217
2023-12-03 18:45:22,1,2,3,4,0,4224
2023-12-03 18:45:22,1,2,3,4,0,4225
2023-12-03 18:45:22,1,2,3,4,0,4226
2023-12-03 18:45:22,1,2,3,4,0,4227
2023-12-03 18:45:22,1,2,3,4,0,4228
2023-12-03 18:45:22,1,2,3,4,0,4229
2023-12-03 18:45:22,1,2,3,4,0,4230
2023-12-03 18:45:22,1,2,3,4,0,4232
2023-12-03 18:45:22,1,2,3,4,0,4240
2023-12-03 18:45:22,1,2,3,4,0,4241
2023-12-03 18:45:22,1,2,3,4,0,4243
2023-12-03 18:45:22,1,2,3,4,0,4245
2023-12-03 18:45:22,1,2,3,4,0,4247
2023-12-03 18:45:22,1,2,3,4,0,4248
2023-12-03 18:45:22,1,2,3,4,0,4249
2023-12-03 18:45:22,1,2,3,4,0,4353
2023-12-03 18:45:23,1,2,3,4,0,4354
2023-12-03 18:45:23,1,2,3,4,0,4355
2023-12-03 18:45:23,1,2,3,4,0,4357
2023-12-03 18:45:23,1,2,3,4,0,4359
2023-12-03 18:45:23,1,2,3,4,0,4360
2023-12-03 18:45:23,1,2,3,4,0,4368
2023-12-03 18:45:23,1,2,3,4,0,4370
2023-12-03 18:45:23,1,2,3,4,0,4372
2023-12-03 18:45:23,1,2,3,4,0,4374
2023-12-03 18:45:23,1,2,3,4,0,4376
2023-12-03 18:45:23,1,2,3,4,0,4384
2023-12-03 18:45:23,1,2,3,4,0,4385
2023-12-03 18:45:23,1,2,3,4,0,4387
2023-12-03 18:45:23,1,2,3,4,0,4388
2023-12-03 18:45:23,1,2,3,4,0,4390
2023-12-03 18:45:23,1,2,3,4,0,4392
2023-12-03 18:45:23,1,2,3,4,0,4401
2023-12-03 18:45:23,1,2,3,4,0,4402
2023-12-03 18:45:23,1,2,3,4,0,4404
2023-12-03 18:45:23,1,2,3,4,0,4406
2023-12-03 18:45:23,1,2,3,4,0,4408
2023-12-03 18:45:23,1,2,3,4,0,4416
2023-12-03 18:45:23,1,2,3,4,0,4418
2023-12-03 18:45:23,1,2,3,4,0,4419
2023-12-03 18:45:23,1,2,3,4,0,4420
2023-12-03 18:45:23,1,2,3,4,0,4422
2023-12-03 18:45:23,1,2,3,4,0,4423
2023-12-03 18:45:23,1,2,3,4,0,4424
2023-12-03 18:45:23,1,2,3,4,0,4425
2023-12-03 18:45:23,1,2,3,4,0,4432
2023-12-03 18:45:23,1,2,3,4,0,4434
2023-12-03 18:45:23,1,2,3,4,0,4436
2023-12-03 18:45:23,1,2,3,4,0,4438
2023-12-03 18:45:23,1,2,3,4,0,4440
2023-12-03 18:45:23,1,2,3,4,0,4441
2023-12-03 18:45:23,1,2,3,4,0,4448
2023-12-03 18:45:23,1,2,3,4,0,4450
2023-12-03 18:45:23,1,2,3,4,0,4451
2023-12-03 18:45:24,1,2,3,4,0,4453
2023-12-03 18:45:24,1,2,3,4,0,4455
2023-12-03 18:45:24,1,2,3,4,0,4457
2023-12-03 18:45:24,1,2,3,4,0,4465
2023-12-03 18:45:24,1,2,3,4,0,4466
2023-12-03 18:45:24,1,2,3,4,0,4468
2023-12-03 18:45:24,1,2,3,4,0,4469
2023-12-03 18:45:24,1,2,3,4,0,4471
2023-12-03 18:45:24,1,2,3,4,0,4473
2023-12-03 18:45:24,1,2,3,4,0,4483
2023-12-03 18:45:24,1,2,3,4,0,4484
2023-12-03 18:45:24,1,2,3,4,0,4485
2023-12-03 18:45:24,1,2,3,4,0,4487
2023-12-03 18:45:24,1,2,3,4,0,4488
2023-12-03 18:45:24,1,2,3,4,0,4496
2023-12-03 18:45:24,1,2,3,4,0,4497
2023-12-03 18:45:24,1,2,3,4,0,4499
2023-12-03 18:45:24,1,2,3,4,0,4500
2023-12-03 18:45:24,1,2,3,4,0,4502
2023-12-03 18:45:24,1,2,3,4,0,4503
2023-12-03 18:45:24,1,2,3,4,0,4505
2023-12-03 18:45:24,1,2,3,4,0,4608
2023-12-03 18:45:24,1,2,3,4,0,4610
2023-12-03 18:45:24,1,2,3,4,0,4612
2023-12-03 18:45:24,1,2,3,4,0,4614
2023-12-03 18:45:24,1,2,3,4,0,4615
2023-12-03 18:45:24,1,2,3,4,0,4617
2023-12-03 18:45:24,1,2,3,4,0,4625
2023-12-03 18:45:24,1,2,3,4,0,4627
2023-12-03 18:45:24,1,2,3,4,0,4629
2023-12-03 18:45:24,1,2,3,4,0,4630
2023-12-03 18:45:24,1,2,3,4,0,4632
2023-12-03 18:45:24,1,2,3,4,0,4633
2023-12-03 18:45:24,1,2,3,4,0,4641
2023-12-03 18:45:24,1,2,3,4,0,4642
2023-12-03 18:45:24,1,2,3,4,0,4644
2023-12-03 18:45:24,1,2,3,4,0,4645
2023-12-03 18:45:24,1,2,3,4,0,4647
2023-12-03 18:45:25,1,2,3,4,0,4649
2023-12-03 18:45:25,1,2,3,4,0,4656
2023-12-03 18:45:25,1,2,3,4,0,4658
2023-12-03 18:45:25,1,2,3,4,0,4660
2023-12-03 18:45:25,1,2,3,4,0,4661
2023-12-03 18:45:25,1,2,3,4,0,4663
2023-12-03 18:45:25,1,2,3,4,0,4664
2023-12-03 18:45:25,1,2,3,4,0,4672
2023-12-03 18:45:25,1,2,3,4,0,4674
2023-12-03 18:45:25,1,2,3,4,0,4676
2023-12-03 18:45:25,1,2,3,4,0,4678
2023-12-03 18:45:25,1,2,3,4,0,4680
2023-12-03 18:45:25,1,2,3,4,0,4688
2023-12-03 18:45:25,1,2,3,4,0,4690
2023-12-03 18:45:25,1,2,3,4,0,4691
2023-12-03 18:45:25,1,2,3,4,0,4693
2023-12-03 18:45:25,1,2,3,4,0,4694
2023-12-03 18:45:25,1,2,3,4,0,4696
2023-12-03 18:45:25,1,2,3,4,0,4697
2023-12-03 18:45:25,1,2,3,4,0,4705
2023-12-03 18:45:25,1,2,3,4,0,4706
2023-12-03 18:45:25,1,2,3,4,0,4707
2023-12-03 18:45:25,1,2,3,4,0,4709
2023-12-03 18:45:25,1,2,3,4,0,4711
2023-12-03 18:45:25,1,2,3,4,0,4713
2023-12-03 18:45:25,1,2,3,4,0,4721
2023-12-03 18:45:25,1,2,3,4,0,4722
2023-12-03 18:45:25,1,2,3,4,0,4723
2023-12-03 18:45:25,1,2,3,4,0,4725
2023-12-03 18:45:25,1,2,3,4,0,4727
2023-12-03 18:45:25,1,2,3,4,0,4728
2023-12-03 18:45:25,1,2,3,4,0,4736
2023-12-03 18:45:25,1,2,3,4,0,4737
2023-12-03 18:45:25,1,2,3,4,0,4739
2023-12-03 18:45:25,1,2,3,4,0,4740
2023-12-03 18:45:25,1,2,3,4,0,4743
2023-12-03 18:45:25,1,2,3,4,0,4745
2023-12-03 18:45:25,1,2,3,4,0,4752
2023-12-03 18:45:25,1,2,3,4,0,4754
2023-12-03 18:45:26,1,2,3,4,0,4756
2023-12-03 18:45:26,1,2,3,4,0,4758
2023-12-03 18:45:26,1,2,3,4,0,4760
2023-12-03 18:45:26,1,2,3,4,0,4864
2023-12-03 18:45:26,1,2,3,4,0,4866
2023-12-03 18:45:26,1,2,3,4,0,4868
2023-12-03 18:45:26,1,2,3,4,0,4869
2023-12-03 18:45:26,1,2,3,4,0,4871
2023-12-03 18:45:26,1,2,3,4,0,4873
2023-12-03 18:45:26,1,2,3,4,0,4881
2023-12-03 18:45:26,1,2,3,4,0,4884
2023-12-03 18:45:26,1,2,3,4,0,4885
2023-12-03 18:45:26,1,2,3,4,0,4887
2023-12-03 18:45:26,1,2,3,4,0,4888
2023-12-03 18:45:26,1,2,3,4,0,4896
2023-12-03 18:45:26,1,2,3,4,0,4898
2023-12-03 18:45:26,1,2,3,4,0,4900
2023-12-03 18:45:26,1,2,3,4,0,4901
2023-12-03 18:45:26,1,2,3,4,0,4903
2023-12-03 18:45:26,1,2,3,4,0,4905
2023-12-03 18:45:26,1,2,3,4,0,4913
2023-12-03 18:45:26,1,2,3,4,0,4915
2023-12-03 18:45:26,1,2,3,4,0,4917
2023-12-03 18:45:26,1,2,3,4,0,4919
2023-12-03 18:45:26,1,2,3,4,0,4921
2023-12-03 18:45:26,1,2,3,4,0,4929
2023-12-03 18:45:26,1,2,3,4,0,4930
2023-12-03 18:45:26,1,2,3,4,0,4932
2023-12-03 18:45:26,1,2,3,4,0,4934
2023-12-03 18:45:26,1,2,3,4,0,4936
2023-12-03 18:45:26,1,2,3,4,0,4944
2023-12-03 18:45:26,1,2,3,4,0,4948
2023-12-03 18:45:27,1,2,3,4,0,4951
2023-12-03 18:45:27,1,2,3,4,0,4952
2023-12-03 18:45:27,1,2,3,4,0,4953
2023-12-03 18:45:27,1,2,3,4,0,4961
2023-12-03 18:45:27,1,2,3,4,0,4963
2023-12-03 18:45:27,1,2,3,4,0,4965
2023-12-03 18:45:27,1,2,3,4,0,4966
2023-12-03 18:45:27,1,2,3,4,0,4969
2023-12-03 18:45:27,1,2,3,4,0,4977
2023-12-03 18:45:27,1,2,3,4,0,4979
2023-12-03 18:45:27,1,2,3,4,0,4981
2023-12-03 18:45:27,1,2,3,4,0,4983
2023-12-03 18:45:27,1,2,3,4,0,4985
2023-12-03 18:45:27,1,2,3,4,0,4993
2023-12-03 18:45:27,1,2,3,4,0,4995
2023-12-03 18:45:27,1,2,3,4,0,4996
2023-12-03 18:45:27,1,2,3,4,0,4999
2023-12-03 18:45:27,1,2,3,4,0,5000
2023-12-03 18:45:27,1,2,3,4,0,5008
2023-12-03 18:45:27,1,2,3,4,0,5010
2023-12-03 18:45:27,1,2,3,4,0,5012
2023-12-03 18:45:27,1,2,3,4,0,5014
2023-12-03 18:45:27,1,2,3,4,0,5016
2023-12-03 18:45:27,1,2,3,4,0,5017
2023-12-03 18:45:27,1,2,3,4,0,5120
2023-12-03 18:45:27,1,2,3,4,0,5121
2023-12-03 18:45:27,1,2,3,4,0,5122
2023-12-03 18:45:27,1,2,3,4,0,5123
2023-12-03 18:45:27,1,2,3,4,0,5124
2023-12-03 18:45:27,1,2,3,4,0,5125
2023-12-03 18:45:27,1,2,3,4,0,5126
2023-12-03 18:45:27,1,2,3,4,0,5128
2023-12-03 18:45:27,1,2,3,4,0,5129
2023-12-03 18:45:27,1,2,3,4,0,5137
2023-12-03 18:45:27,1,2,3,4,0,5138
2023-12-03 18:45:27,1,2,3,4,0,5139
2023-12-03 18:45:27,1,2,3,4,0,5141
2023-12-03 18:45:27,1,2,3,4,0,5142
2023-12-03 18:45:27,1,2,3,4,0,5144
2023-12-03 18:45:27,1,2,3,4,0,5145
2023-12-03 18:45:28,1,2,3,4,0,5152
2023-12-03 18:45:28,1,2,3,4,0,5153
2023-12-03 18:45:28,1,2,3,4,0,5154
2023-12-03 18:45:28,1,2,3,4,0,5155
2023-12-03 18:45:28,1,2,3,4,0,5157
2023-12-03 18:45:28,1,2,3,4,0,5158
2023-12-03 18:45:28,1,2,3,4,0,5160
2023-12-03 18:45:28,1,2,3,4,0,5168
2023-12-03 18:45:28,1,2,3,4,0,5169
2023-12-03 18:45:28,1,2,3,4,0,5170
2023-12-03 18:45:28,1,2,3,4,0,5171
2023-12-03 18:45:28,1,2,3,4,0,5172
2023-12-03 18:45:28,1,2,3,4,0,5173
2023-12-03 18:45:28,1,2,3,4,0,5175
2023-12-03 18:45:28,1,2,3,4,0,5176
2023-12-03 18:45:28,1,2,3,4,0,5177
2023-12-03 18:45:28,1,2,3,4,0,5185
2023-12-03 18:45:28,1,2,3,4,0,5186
2023-12-03 18:45:28,1,2,3,4,0,5188
2023-12-03 18:45:28,1,2,3,4,0,5189
2023-12-03 18:45:28,1,2,3,4,0,5191
2023-12-03 18:45:28,1,2,3,4,0,5192
2023-12-03 18:45:28,1,2,3,4,0,5193
2023-12-03 18:45:28,1,2,3,4,0,5200
2023-12-03 18:45:28,1,2,3,4,0,5201
2023-12-03 18:45:28,1,2,3,4,0,5203
2023-12-03 18:45:28,1,2,3,4,0,5204
2023-12-03 18:45:28,1,2,3,4,0,5206
2023-12-03 18:45:28,1,2,3,4,0,5208
2023-12-03 18:45:28,1,2,3,4,0,5209
2023-12-03 18:45:28,1,2,3,4,0,5216
2023-12-03 18:45:28,1,2,3,4,0,5217
2023-12-03 18:45:28,1,2,3,4,0,5218
2023-12-03 18:45:28,1,2,3,4,0,5220
2023-12-03 18:45:28,1,2,3,4,0,5221
2023-12-03 18:45:28,1,2,3,4,0,5222
2023-12-03 18:45:28,1,2,3,4,0,5224
2023-12-03 18:45:28,1,2,3,4,0,5225
2023-12-03 18:45:28,1,2,3,4,0,5232
2023-12-03 18:45:28,1,2,3,4,0,5234
2023-12-03 18:45:28,1,2,3,4,0,5236
2023-12-03 18:45:28,1,2,3,4,0,5238
2023-12-03 18:45:28,1,2,3,4,0,5239
2023-12-03 18:45:28,1,2,3,4,0,5241
2023-12-03 18:45:28,1,2,3,4,0,5248
2023-12-03 18:45:29,1,2,3,4,0,5250
2023-12-03 18:45:29,1,2,3,4,0,5252
2023-12-03 18:45:29,1,2,3,4,0,5253
2023-12-03 18:45:29,1,2,3,4,0,5255
2023-12-03 18:45:29,1,2,3,4,0,5257
2023-12-03 18:45:29,1,2,3,4,0,5265
2023-12-03 18:45:29,1,2,3,4,0,5266
2023-12-03 18:45:29,1,2,3,4,0,5269
2023-12-03 18:45:29,1,2,3,4,0,5271
2023-12-03 18:45:29,1,2,3,4,0,5272
2023-12-03 18:45:29,1,2,3,4,0,5376
2023-12-03 18:45:29,1,2,3,4,0,5378
2023-12-03 18:45:29,1,2,3,4,0,5380
2023-12-03 18:45:29,1,2,3,4,0,5382
2023-12-03 18:45:29,1,2,3,4,0,5383
2023-12-03 18:45:29,1,2,3,4,0,5384
2023-12-03 18:45:29,1,2,3,4,0,5392
2023-12-03 18:45:29,1,2,3,4,0,5394
2023-12-03 18:45:29,1,2,3,4,0,5396
2023-12-03 18:45:29,1,2,3,4,0,5398
2023-12-03 18:45:29,1,2,3,4,0,5400
2023-12-03 18:45:29,1,2,3,4,0,5409
2023-12-03 18:45:29,1,2,3,4,0,5411
2023-12-03 18:45:29,1,2,3,4,0,5412
2023-12-03 18:45:29,1,2,3,4,0,5413
2023-12-03 18:45:29,1,2,3,4,0,5416
2023-12-03 18:45:29,1,2,3,4,0,5417
2023-12-03 18:45:29,1,2,3,4,0,5425
2023-12-03 18:45:29,1,2,3,4,0,5427
2023-12-03 18:45:29,1,2,3,4,0,5429
2023-12-03 18:45:29,1,2,3,4,0,5430
2023-12-03 18:45:29,1,2,3,4,0,5432
2023-12-03 18:45:29,1,2,3,4,0,5433
2023-12-03 18:45:29,1,2,3,4,0,5441
2023-12-03 18:45:29,1,2,3,4,0,5442
2023-12-03 18:45:29,1,2,3,4,0,5444
2023-12-03 18:45:30,1,2,3,4,0,5446
2023-12-03 18:45:30,1,2,3,4,0,5449
2023-12-03 18:45:30,1,2,3,4,0,5456
2023-12-03 18:45:30,1,2,3,4,0,5458
2023-12-03 18:45:30,1,2,3,4,0,5460
2023-12-03 18:45:30,1,2,3,4,0,5462
2023-12-03 18:45:30,1,2,3,4,0,5463
2023-12-03 18:45:30,1,2,3,4,0,5472
2023-12-03 18:45:30,1,2,3,4,0,5474
2023-12-03 18:45:30,1,2,3,4,0,5475
2023-12-03 18:45:30,1,2,3,4,0,5477
2023-12-03 18:45:30,1,2,3,4,0,5480
2023-12-03 18:45:30,1,2,3,4,0,5488
2023-12-03 18:45:30,1,2,3,4,0,5490
2023-12-03 18:45:30,1,2,3,4,0,5492
2023-12-03 18:45:30,1,2,3,4,0,5493
2023-12-03 18:45:30,1,2,3,4,0,5495
2023-12-03 18:45:30,1,2,3,4,0,5497
2023-12-03 18:45:30,1,2,3,4,0,5505
2023-12-03 18:45:30,1,2,3,4,0,5506
2023-12-03 18:45:30,1,2,3,4,0,5508
2023-12-03 18:45:30,1,2,3,4,0,5510
2023-12-03 18:45:30,1,2,3,4,0,5512
2023-12-03 18:45:30,1,2,3,4,0,5521
2023-12-03 18:45:30,1,2,3,4,0,5522
2023-12-03 18:45:30,1,2,3,4,0,5524
2023-12-03 18:45:30,1,2,3,4,0,5526
2023-12-03 18:45:30,1,2,3,4,0,5528
2023-12-03 18:45:30,1,2,3,4,0,5529
2023-12-03 18:45:30,1,2,3,4,0,5633
2023-12-03 18:45:30,1,2,3,4,0,5635
2023-12-03 18:45:30,1,2,3,4,0,5636
2023-12-03 18:45:30,1,2,3,4,0,5637
2023-12-03 18:45:30,1,2,3,4,0,5640
2023-12-03 18:45:31,1,2,3,4,0,5648
2023-12-03 18:45:31,1,2,3,4,0,5650
2023-12-03 18:45:31,1,2,3,4,0,5651
2023-12-03 18:45:31,1,2,3,4,0,5653
2023-12-03 18:45:31,1,2,3,4,0,5655
2023-12-03 18:45:31,1,2,3,4,0,5657
2023-12-03 18:45:31,1,2,3,4,0,5664
2023-12-03 18:45:31,1,2,3,4,0,5665
2023-12-03 18:45:31,1,2,3,4,0,5667
2023-12-03 18:45:31,1,2,3,4,0,5669
2023-12-03 18:45:31,1,2,3,4,0,5671
2023-12-03 18:45:31,1,2,3,4,0,5673
2023-12-03 18:45:31,1,2,3,4,0,5681
2023-12-03 18:45:31,1,2,3,4,0,5682
2023-12-03 18:45:31,1,2,3,4,0,5684
2023-12-03 18:45:31,1,2,3,4,0,5686
2023-12-03 18:45:31,1,2,3,4,0,5688
2023-12-03 18:45:31,1,2,3,4,0,5689
2023-12-03 18:45:31,1,2,3,4,0,5696
2023-12-03 18:45:31,1,2,3,4,0,5699
2023-12-03 18:45:31,1,2,3,4,0,5701
2023-12-03 18:45:31,1,2,3,4,0,5702
2023-12-03 18:45:31,1,2,3,4,0,5704
2023-12-03 18:45:31,1,2,3,4,0,5712
2023-12-03 18:45:31,1,2,3,4,0,5713
2023-12-03 18:45:31,1,2,3,4,0,5715
2023-12-03 18:45:31,1,2,3,4,0,5718
2023-12-03 18:45:31,1,2,3,4,0,5720
2023-12-03 18:45:31,1,2,3,4,0,5728
2023-12-03 18:45:31,1,2,3,4,0,5729
2023-12-03 18:45:31,1,2,3,4,0,5731
2023-12-03 18:45:31,1,2,3,4,0,5733
2023-12-03 18:45:31,1,2,3,4,0,5734
2023-12-03 18:45:31,1,2,3,4,0,5735
2023-12-03 18:45:31,1,2,3,4,0,5737
2023-12-03 18:45:31,1,2,3,4,0,5744
2023-12-03 18:45:31,1,2,3,4,0,5745
2023-12-03 18:45:31,1,2,3,4,0,5747
2023-12-03 18:45:32,1,2,3,4,0,5749
2023-12-03 18:45:32,1,2,3,4,0,5750
2023-12-03 18:45:32,1,2,3,4,0,5752
2023-12-03 18:45:32,1,2,3,4,0,5753
2023-12-03 18:45:32,1,2,3,4,0,5760
2023-12-03 18:45:32,1,2,3,4,0,5762
2023-12-03 18:45:32,1,2,3,4,0,5763
2023-12-03 18:45:32,1,2,3,4,0,5765
2023-12-03 18:45:32,1,2,3,4,0,5766
2023-12-03 18:45:32,1,2,3,4,0,5768
2023-12-03 18:45:32,1,2,3,4,0,5777
2023-12-03 18:45:32,1,2,3,4,0,5778
2023-12-03 18:45:32,1,2,3,4,0,5780
2023-12-03 18:45:32,1,2,3,4,0,5782
2023-12-03 18:45:32,1,2,3,4,0,5784
2023-12-03 18:45:32,1,2,3,4,0,5888
2023-12-03 18:45:32,1,2,3,4,0,5890
2023-12-03 18:45:32,1,2,3,4,0,5891
2023-12-03 18:45:32,1,2,3,4,0,5893
2023-12-03 18:45:32,1,2,3,4,0,5895
2023-12-03 18:45:32,1,2,3,4,0,5896
2023-12-03 18:45:32,1,2,3,4,0,5897
2023-12-03 18:45:32,1,2,3,4,0,5904
2023-12-03 18:45:32,1,2,3,4,0,5906
2023-12-03 18:45:32,1,2,3,4,0,5907
2023-12-03 18:45:32,1,2,3,4,0,5908
2023-12-03 18:45:32,1,2,3,4,0,5909
2023-12-03 18:45:32,1,2,3,4,0,5910
2023-12-03 18:45:32,1,2,3,4,0,5912
2023-12-03 18:45:32,1,2,3,4,0,5913
2023-12-03 18:45:32,1,2,3,4,0,5920
2023-12-03 18:45:32,1,2,3,4,0,5922
2023-12-03 18:45:32,1,2,3,4,0,5924
2023-12-03 18:45:32,1,2,3,4,0,5925
2023-12-03 18:45:32,1,2,3,4,0,5927
2023-12-03 18:45:32,1,2,3,4,0,5928
2023-12-03 18:45:32,1,2,3,4,0,5936
2023-12-03 18:45:32,1,2,3,4,0,5937
2023-12-03 18:45:32,1,2,3,4,0,5938
2023-12-03 18:45:32,1,2,3,4,0,5940
2023-12-03 18:45:32,1,2,3,4,0,5941
2023-12-03 18:45:32,1,2,3,4,0,5942
2023-12-03 18:45:32,1,2,3,4,0,5943
2023-12-03 18:45:33,1,2,3,4,0,5944
2023-12-03 18:45:33,1,2,3,4,0,5953
2023-12-03 18:45:33,1,2,3,4,0,5955
2023-12-03 18:45:33,1,2,3,4,0,5956
2023-12-03 18:45:33,1,2,3,4,0,5957
2023-12-03 18:45:33,1,2,3,4,0,5958
2023-12-03 18:45:33,1,2,3,4,0,5960
2023-12-03 18:45:33,1,2,3,4,0,5968
2023-12-03 18:45:33,1,2,3,4,0,5970
2023-12-03 18:45:33,1,2,3,4,0,5972
2023-12-03 18:45:33,1,2,3,4,0,5974
2023-12-03 18:45:33,1,2,3,4,0,5976
2023-12-03 18:45:33,1,2,3,4,0,5984
2023-12-03 18:45:33,1,2,3,4,0,5986
2023-12-03 18:45:33,1,2,3,4,0,5987
2023-12-03 18:45:33,1,2,3,4,0,5988
2023-12-03 18:45:33,1,2,3,4,0,5990
2023-12-03 18:45:33,1,2,3,4,0,5993
2023-12-03 18:45:33,1,2,3,4,0,6000
2023-12-03 18:45:33,1,2,3,4,0,6002
2023-12-03 18:45:33,1,2,3,4,0,6004
2023-12-03 18:45:33,1,2,3,4,0,6006
2023-12-03 18:45:33,1,2,3,4,0,6008
2023-12-03 18:45:33,1,2,3,4,0,6016
2023-12-03 18:45:33,1,2,3,4,0,6018
2023-12-03 18:45:33,1,2,3,4,0,6019
2023-12-03 18:45:33,1,2,3,4,0,6020
2023-12-03 18:45:33,1,2,3,4,0,6021
2023-12-03 18:45:33,1,2,3,4,0,6022
2023-12-03 18:45:33,1,2,3,4,0,6024
2023-12-03 18:45:33,1,2,3,4,0,6025
2023-12-03 18:45:33,1,2,3,4,0,6032
2023-12-03 18:45:33,1,2,3,4,0,6033
2023-12-03 18:45:33,1,2,3,4,0,6034
2023-12-03 18:45:33,1,2,3,4,0,6036
2023-12-03 18:45:33,1,2,3,4,0,6038
2023-12-03 18:45:33,1,2,3,4,0,6039
2023-12-03 18:45:33,1,2,3,4,0,6040
2023-12-03 18:45:33,1,2,3,4,0,6145
2023-12-03 18:45:34,1,2,3,4,0,6147
2023-12-03 18:45:34,1,2,3,4,0,6148
2023-12-03 18:45:34,1,2,3,4,0,6150
2023-12-03 18:45:34,1,2,3,4,0,6152
2023-12-03 18:45:34,1,2,3,4,0,6153
2023-12-03 18:45:34,1,2,3,4,0,6160
2023-12-03 18:45:34,1,2,3,4,0,6162
2023-12-03 18:45:34,1,2,3,4,0,6164
2023-12-03 18:45:34,1,2,3,4,0,6166
2023-12-03 18:45:34,1,2,3,4,0,6167
2023-12-03 18:45:34,1,2,3,4,0,6168
2023-12-03 18:45:34,1,2,3,4,0,6169
2023-12-03 18:45:34,1,2,3,4,0,6176
2023-12-03 18:45:34,1,2,3,4,0,6177
2023-12-03 18:45:34,1,2,3,4,0,6179
2023-12-03 18:45:34,1,2,3,4,0,6180
2023-12-03 18:45:34,1,2,3,4,0,6182
2023-12-03 18:45:34,1,2,3,4,0,6184
2023-12-03 18:45:34,1,2,3,4,0,6185
2023-12-03 18:45:34,1,2,3,4,0,6192
2023-12-03 18:45:34,1,2,3,4,0,6193
2023-12-03 18:45:34,1,2,3,4,0,6194
2023-12-03 18:45:34,1,2,3,4,0,6195
2023-12-03 18:45:34,1,2,3,4,0,6196
2023-12-03 18:45:34,1,2,3,4,0,6197
2023-12-03 18:45:34,1,2,3,4,0,6198
2023-12-03 18:45:34,1,2,3,4,0,6200
2023-12-03 18:45:34,1,2,3,4,0,6208
2023-12-03 18:45:34,1,2,3,4,0,6209
2023-12-03 18:45:34,1,2,3,4,0,6210
2023-12-03 18:45:34,1,2,3,4,0,6212
2023-12-03 18:45:34,1,2,3,4,0,6214
2023-12-03 18:45:34,1,2,3,4,0,6216
2023-12-03 18:45:34,1,2,3,4,0,6224
2023-12-03 18:45:34,1,2,3,4,0,6226
2023-12-03 18:45:34,1,2,3,4,0,6228
2023-12-03 18:45:34,1,2,3,4,0,6230
2023-12-03 18:45:34,1,2,3,4,0,6231
2023-12-03 18:45:34,1,2,3,4,0,6233
2023-12-03 18:45:34,1,2,3,4,0,6241
2023-12-03 18:45:34,1,2,3,4,0,6243
2023-12-03 18:45:35,1,2,3,4,0,6245
2023-12-03 18:45:35,1,2,3,4,0,6247
2023-12-03 18:45:35,1,2,3,4,0,6249
2023-12-03 18:45:35,1,2,3,4,0,6256
2023-12-03 18:45:35,1,2,3,4,0,6258
2023-12-03 18:45:35,1,2,3,4,0,6259
2023-12-03 18:45:35,1,2,3,4,0,6260
2023-12-03 18:45:35,1,2,3,4,0,6261
2023-12-03 18:45:35,1,2,3,4,0,6262
2023-12-03 18:45:35,1,2,3,4,0,6263
2023-12-03 18:45:35,1,2,3,4,0,6264
2023-12-03 18:45:35,1,2,3,4,0,6272
2023-12-03 18:45:35,1,2,3,4,0,6273
2023-12-03 18:45:35,1,2,3,4,0,6274
2023-12-03 18:45:35,1,2,3,4,0,6275
2023-12-03 18:45:35,1,2,3,4,0,6276
2023-12-03 18:45:35,1,2,3,4,0,6278
2023-12-03 18:45:35,1,2,3,4,0,6279
2023-12-03 18:45:35,1,2,3,4,0,6280
2023-12-03 18:45:35,1,2,3,4,0,6281
2023-12-03 18:45:35,1,2,3,4,0,6288
2023-12-03 18:45:35,1,2,3,4,0,6290
2023-12-03 18:45:35,1,2,3,4,0,6291
2023-12-03 18:45:35,1,2,3,4,0,6293
2023-12-03 18:45:35,1,2,3,4,0,6294
2023-12-03 18:45:35,1,2,3,4,0,6297
2023-12-03 18:45:35,1,2,3,4,0,6400
2023-12-03 18:45:35,1,2,3,4,0,6402
2023-12-03 18:45:35,1,2,3,4,0,6404
2023-12-03 18:45:35,1,2,3,4,0,6406
2023-12-03 18:45:35,1,2,3,4,0,6408
2023-12-03 18:45:35,1,2,3,4,0,6416
2023-12-03 18:45:35,1,2,3,4,0,6418
2023-12-03 18:45:35,1,2,3,4,0,6421
2023-12-03 18:45:35,1,2,3,4,0,6422
2023-12-03 18:45:35,1,2,3,4,0,6423
2023-12-03 18:45:35,1,2,3,4,0,6425
2023-12-03 18:45:35,1,2,3,4,0,6432
2023-12-03 18:45:35,1,2,3,4,0,6434
2023-12-03 18:45:35,1,2,3,4,0,6436
2023-12-03 18:45:35,1,2,3,4,0,6437
2023-12-03 18:45:35,1,2,3,4,0,6439
2023-12-03 18:45:35,1,2,3,4,0,6441
2023-12-03 18:45:36,1,2,3,4,0,6448
2023-12-03 18:45:36,1,2,3,4,0,6451
2023-12-03 18:45:36,1,2,3,4,0,6452
2023-12-03 18:45:36,1,2,3,4,0,6454
2023-12-03 18:45:36,1,2,3,4,0,6456
2023-12-03 18:45:36,1,2,3,4,0,6457
2023-12-03 18:45:36,1,2,3,4,0,6464
2023-12-03 18:45:36,1,2,3,4,0,6466
2023-12-03 18:45:36,1,2,3,4,0,6468
2023-12-03 18:45:36,1,2,3,4,0,6470
2023-12-03 18:45:36,1,2,3,4,0,6473
2023-12-03 18:45:36,1,2,3,4,0,6480
2023-12-03 18:45:36,1,2,3,4,0,6482
2023-12-03 18:45:36,1,2,3,4,0,6484
2023-12-03 18:45:36,1,2,3,4,0,6486
2023-12-03 18:45:36,1,2,3,4,0,6487
2023-12-03 18:45:36,1,2,3,4,0,6488
2023-12-03 18:45:36,1,2,3,4,0,6496
2023-12-03 18:45:36,1,2,3,4,0,6498
2023-12-03 18:45:36,1,2,3,4,0,6500
2023-12-03 18:45:36,1,2,3,4,0,6501
2023-12-03 18:45:36,1,2,3,4,0,6504
2023-12-03 18:45:36,1,2,3,4,0,6505
2023-12-03 18:45:36,1,2,3,4,0,6512
2023-12-03 18:45:36,1,2,3,4,0,6514
2023-12-03 18:45:36,1,2,3,4,0,6517
2023-12-03 18:45:36,1,2,3,4,0,6518
2023-12-03 18:45:36,1,2,3,4,0,6520
2023-12-03 18:45:36,1,2,3,4,0,6528
2023-12-03 18:45:36,1,2,3,4,0,6530
2023-12-03 18:45:36,1,2,3,4,0,6532
2023-12-03 18:45:36,1,2,3,4,0,6534
2023-12-03 18:45:36,1,2,3,4,0,6536
2023-12-03 18:45:36,1,2,3,4,0,6537
2023-12-03 18:45:36,1,2,3,4,0,6544
2023-12-03 18:45:36,1,2,3,4,0,6546
2023-12-03 18:45:37,1,2,3,4,0,6548
2023-12-03 18:45:37,1,2,3,4,0,6549
2023-12-03 18:45:37,1,2,3,4,0,6551
2023-12-03 18:45:37,1,2,3,4,0,6553
2023-12-03 18:45:37,1,2,3,4,0,8193
2023-12-03 18:45:37,1,2,3,4,0,8195
2023-12-03 18:45:37,1,2,3,4,0,8196
2023-12-03 18:45:37,1,2,3,4,0,8198
2023-12-03 18:45:37,1,2,3,4,0,8200
2023-12-03 18:45:37,1,2,3,4,0,8201
2023-12-03 18:45:37,1,2,3,4,0,8208
2023-12-03 18:45:37,1,2,3,4,0,8210
2023-12-03 18:45:37,1,2,3,4,0,8212
2023-12-03 18:45:37,1,2,3,4,0,8213
2023-12-03 18:45:37,1,2,3,4,0,8214
2023-12-03 18:45:37,1,2,3,4,0,8216
2023-12-03 18:45:37,1,2,3,4,0,8224
2023-12-03 18:45:37,1,2,3,4,0,8226
2023-12-03 18:45:37,1,2,3,4,0,8228
2023-12-03 18:45:37,1,2,3,4,0,8229
2023-12-03 18:45:37,1,2,3,4,0,8231
2023-12-03 18:45:37,1,2,3,4,0,8232
2023-12-03 18:45:37,1,2,3,4,0,8240
2023-12-03 18:45:37,1,2,3,4,0,8242
2023-12-03 18:45:37,1,2,3,4,0,8243
2023-12-03 18:45:37,1,2,3,4,0,8244
2023-12-03 18:45:37,1,2,3,4,0,8245
2023-12-03 18:45:37,1,2,3,4,0,8246
2023-12-03 18:45:37,1,2,3,4,0,8248
2023-12-03 18:45:37,1,2,3,4,0,8256
2023-12-03 18:45:37,1,2,3,4,0,8258
2023-12-03 18:45:37,1,2,3,4,0,8259
2023-12-03 18:45:37,1,2,3,4,0,8261
2023-12-03 18:45:37,1,2,3,4,0,8263
2023-12-03 18:45:37,1,2,3,4,0,8265
2023-12-03 18:45:37,1,2,3,4,0,8272
2023-12-03 18:45:37,1,2,3,4,0,8274
2023-12-03 18:45:37,1,2,3,4,0,8276
2023-12-03 18:45:37,1,2,3,4,0,8278
2023-12-03 18:45:38,1,2,3,4,0,8280
2023-12-03 18:45:38,1,2,3,4,0,8288
2023-12-03 18:45:38,1,2,3,4,0,8290
2023-12-03 18:45:38,1,2,3,4,0,8292
2023-12-03 18:45:38,1,2,3,4,0,8294
2023-12-03 18:45:38,1,2,3,4,0,8295
2023-12-03 18:45:38,1,2,3,4,0,8296
2023-12-03 18:45:38,1,2,3,4,0,8304
2023-12-03 18:45:38,1,2,3,4,0,8305
2023-12-03 18:45:38,1,2,3,4,0,8306
2023-12-03 18:45:38,1,2,3,4,0,8308
2023-12-03 18:45:38,1,2,3,4,0,8309
2023-12-03 18:45:38,1,2,3,4,0,8310
2023-12-03 18:45:38,1,2,3,4,0,8312
2023-12-03 18:45:38,1,2,3,4,0,8320
2023-12-03 18:45:38,1,2,3,4,0,8321
2023-12-03 18:45:38,1,2,3,4,0,8323
2023-12-03 18:45:38,1,2,3,4,0,8325
2023-12-03 18:45:38,1,2,3,4,0,8326
2023-12-03 18:45:38,1,2,3,4,0,8328
2023-12-03 18:45:38,1,2,3,4,0,8336
2023-12-03 18:45:38,1,2,3,4,0,8339
2023-12-03 18:45:38,1,2,3,4,0,8340
2023-12-03 18:45:38,1,2,3,4,0,8342
2023-12-03 18:45:38,1,2,3,4,0,8343
2023-12-03 18:45:38,1,2,3,4,0,8345
2023-12-03 18:45:38,1,2,3,4,0,8449
2023-12-03 18:45:38,1,2,3,4,0,8452
2023-12-03 18:45:38,1,2,3,4,0,8453
2023-12-03 18:45:38,1,2,3,4,0,8454
2023-12-03 18:45:38,1,2,3,4,0,8457
2023-12-03 18:45:38,1,2,3,4,0,8464
2023-12-03 18:45:38,1,2,3,4,0,8465
2023-12-03 18:45:38,1,2,3,4,0,8468
2023-12-03 18:45:38,1,2,3,4,0,8469
2023-12-03 18:45:38,1,2,3,4,0,8470
2023-12-03 18:45:38,1,2,3,4,0,8472
2023-12-03 18:45:38,1,2,3,4,0,8473
2023-12-03 18:45:38,1,2,3,4,0,8481
2023-12-03 18:45:38,1,2,3,4,0,8482
2023-12-03 18:45:39,1,2,3,4,0,8483
2023-12-03 18:45:39,1,2,3,4,0,8484
2023-12-03 18:45:39,1,2,3,4,0,8485
2023-12-03 18:45:39,1,2,3,4,0,8487
2023-12-03 18:45:39,1,2,3,4,0,8489
2023-12-03 18:45:39,1,2,3,4,0,8497
2023-12-03 18:45:39,1,2,3,4,0,8498
2023-12-03 18:45:39,1,2,3,4,0,8500
2023-12-03 18:45:39,1,2,3,4,0,8502
2023-12-03 18:45:39,1,2,3,4,0,8504
2023-12-03 18:45:39,1,2,3,4,0,8512
2023-12-03 18:45:39,1,2,3,4,0,8514
2023-12-03 18:45:39,1,2,3,4,0,8516
2023-12-03 18:45:39,1,2,3,4,0,8519
2023-12-03 18:45:39,1,2,3,4,0,8521
2023-12-03 18:45:39,1,2,3,4,0,8529
2023-12-03 18:45:39,1,2,3,4,0,8530
2023-12-03 18:45:39,1,2,3,4,0,8532
2023-12-03 18:45:39,1,2,3,4,0,8534
2023-12-03 18:45:39,1,2,3,4,0,8535
2023-12-03 18:45:39,1,2,3,4,0,8544
2023-12-03 18:45:39,1,2,3,4,0,8546
2023-12-03 18:45:39,1,2,3,4,0,8547
2023-12-03 18:45:39,1,2,3,4,0,8550
2023-12-03 18:45:39,1,2,3,4,0,8552
2023-12-03 18:45:39,1,2,3,4,0,8560
2023-12-03 18:45:39,1,2,3,4,0,8562
2023-12-03 18:45:39,1,2,3,4,0,8564
2023-12-03 18:45:39,1,2,3,4,0,8565
2023-12-03 18:45:39,1,2,3,4,0,8567
2023-12-03 18:45:39,1,2,3,4,0,8568
2023-12-03 18:45:39,1,2,3,4,0,8569
2023-12-03 18:45:39,1,2,3,4,0,8576
2023-12-03 18:45:39,1,2,3,4,0,8578
2023-12-03 18:45:39,1,2,3,4,0,8579
2023-12-03 18:45:40,1,2,3,4,0,8581
2023-12-03 18:45:40,1,2,3,4,0,8583
2023-12-03 18:45:40,1,2,3,4,0,8585
2023-12-03 18:45:40,1,2,3,4,0,8593
2023-12-03 18:45:40,1,2,3,4,0,8594
2023-12-03 18:45:40,1,2,3,4,0,8595
2023-12-03 18:45:40,1,2,3,4,0,8597
2023-12-03 18:45:40,1,2,3,4,0,8599
2023-12-03 18:45:40,1,2,3,4,0,8601
2023-12-03 18:45:40,1,2,3,4,0,8705
2023-12-03 18:45:40,1,2,3,4,0,8707
2023-12-03 18:45:40,1,2,3,4,0,8708
2023-12-03 18:45:40,1,2,3,4,0,8710
2023-12-03 18:45:40,1,2,3,4,0,8712
2023-12-03 18:45:40,1,2,3,4,0,8713
2023-12-03 18:45:40,1,2,3,4,0,8726
2023-12-03 18:45:40,1,2,3,4,0,8727
2023-12-03 18:45:40,1,2,3,4,0,8729
2023-12-03 18:45:40,1,2,3,4,0,8736
2023-12-03 18:45:40,1,2,3,4,0,8740
2023-12-03 18:45:40,1,2,3,4,0,8742
2023-12-03 18:45:40,1,2,3,4,0,8752
2023-12-03 18:45:40,1,2,3,4,0,8754
2023-12-03 18:45:40,1,2,3,4,0,8756
2023-12-03 18:45:40,1,2,3,4,0,8757
2023-12-03 18:45:40,1,2,3,4,0,8758
2023-12-03 18:45:40,1,2,3,4,0,8761
2023-12-03 18:45:40,1,2,3,4,0,8768
2023-12-03 18:45:41,1,2,3,4,0,8770
2023-12-03 18:45:41,1,2,3,4,0,8771
2023-12-03 18:45:41,1,2,3,4,0,8774
2023-12-03 18:45:41,1,2,3,4,0,8775
2023-12-03 18:45:41,1,2,3,4,0,8785
2023-12-03 18:45:41,1,2,3,4,0,8789
2023-12-03 18:45:41,1,2,3,4,0,8790
2023-12-03 18:45:41,1,2,3,4,0,8792
2023-12-03 18:45:41,1,2,3,4,0,8793
2023-12-03 18:45:41,1,2,3,4,0,8800
2023-12-03 18:45:41,1,2,3,4,0,8802
2023-12-03 18:45:41,1,2,3,4,0,8804
2023-12-03 18:45:41,1,2,3,4,0,8805
2023-12-03 18:45:41,1,2,3,4,0,8806
2023-12-03 18:45:41,1,2,3,4,0,8809
2023-12-03 18:45:41,1,2,3,4,0,8817
2023-12-03 18:45:41,1,2,3,4,0,8818
2023-12-03 18:45:41,1,2,3,4,0,8819
2023-12-03 18:45:41,1,2,3,4,0,8820
2023-12-03 18:45:41,1,2,3,4,0,8822
2023-12-03 18:45:41,1,2,3,4,0,8824
2023-12-03 18:45:41,1,2,3,4,0,8825
2023-12-03 18:45:41,1,2,3,4,0,8832
2023-12-03 18:45:41,1,2,3,4,0,8833
2023-12-03 18:45:41,1,2,3,4,0,8834
2023-12-03 18:45:41,1,2,3,4,0,8835
2023-12-03 18:45:41,1,2,3,4,0,8836
2023-12-03 18:45:41,1,2,3,4,0,8839
2023-12-03 18:45:41,1,2,3,4,0,8840
2023-12-03 18:45:41,1,2,3,4,0,8841
2023-12-03 18:45:41,1,2,3,4,0,8849
2023-12-03 18:45:41,1,2,3,4,0,8850
2023-12-03 18:45:41,1,2,3,4,0,8851
2023-12-03 18:45:41,1,2,3,4,0,8853
2023-12-03 18:45:41,1,2,3,4,0,8855
2023-12-03 18:45:41,1,2,3,4,0,8856
2023-12-03 18:45:41,1,2,3,4,0,8960
2023-12-03 18:45:42,1,2,3,4,0,8967
2023-12-03 18:45:42,1,2,3,4,0,8976
2023-12-03 18:45:42,1,2,3,4,0,8978
2023-12-03 18:45:42,1,2,3,4,0,8980
2023-12-03 18:45:42,1,2,3,4,0,8982
2023-12-03 18:45:42,1,2,3,4,0,8983
2023-12-03 18:45:42,1,2,3,4,0,8985
2023-12-03 18:45:42,1,2,3,4,0,8999
2023-12-03 18:45:42,1,2,3,4,0,9000
2023-12-03 18:45:42,1,2,3,4,0,9001
2023-12-03 18:45:42,1,2,3,4,0,9009
2023-12-03 18:45:42,1,2,3,4,0,9012
2023-12-03 18:45:42,1,2,3,4,0,9014
2023-12-03 18:45:42,1,2,3,4,0,9016
